{"Caluula": 274, "Qandala": 413, "Zeylac": 375, "Bosaaso": 437, "Iskushuban": 1042, "Badhan": 669, "Ceerigaabo": 1427, "Lughaya": 193, "Berbera": 594, "Ceel Afweyn": 854, "Baki": 189, "Borama": 180, "Qardho": 1011, "Gabiley": 236, "Hargeysa": 767, "Sheekh": 157, "Burco": 876, "Caynaba": 439, "Oodweyne": 461, "Bandar Beyla": 640, "Talex": 467, "Xudun": 487, "Garoowe": 462, "Laas Caanood": 622, "Buuhoodle": 376, "Eyl": 520, "Butinle": 527, "Jariiban": 601, "Gaalkacyo": 834, "Goldogob": 117, "Hobyo": 1396, "Cadaado": 344, "Cabudwaaq": 352, "Dhuusamarreeb": 681, "Beledweyn": 817, "Ceel Buur": 708, "Xarardheere": 287, "Ceel Barde": 432, "Rabdhuure": 183, "Xudur": 280, "Ceel Dheer": 579, "Tiyeglow": 361, "Bulo-Burte": 864, "Luuq": 447, "Doolow": 100, "Waajid": 150, "Beled-Xaawo": 223, "Baydhabo": 682, "Aadan Yabaal": 212, "Garbahaarey": 444, "Jalalaqsi": 165, "Cadale": 322, "Buur Hakaba": 967, "Wanla Weyn": 307, "Jowhar": 246, "Ceel Waaq": 433, "Qansax Dheere": 180, "Baardheere": 814, "Balcad": 238, "Afgooye": 213, "Diinsoor": 518, "Qoryooley": 172, "Mogadishu": 21, "Saakow": 424, "Kurtunwaarey": 136, "Marka": 66, "Sablaale": 318, "Bu'aale": 291, "Baraawe": 197, "Afmadow": 1430, "Jilib": 290, "Jamaame": 124, "Kismaayo": 527, "Badhaadhe": 548, "NONE": 0}